Attack Name,Tenant ID,App ID,Status,Message
ApplicationRWVectors,6af675bf-f240-4c03-86c4-56f4b73342da,b63e4c36-2b0b-4598-ab57-ea0bd97eef38,True,"Got secret: F5S8Q~pVzItR8NUoOpbqy~3w2TIWEwuMPZT8Qdua from sp: 1a4c84c0-854b-47b2-a7f2-8ccce03e1d51
"
UserInviteVectors,6af675bf-f240-4c03-86c4-56f4b73342da,6bb36e66-9b82-4a6d-95a4-9b87d0511e23,True,"invited user maladi1747@gmail.com
"
UserEnableDisableVectors,6af675bf-f240-4c03-86c4-56f4b73342da,f398fb28-4646-4ac9-a375-02a06974de7b,True,"Disabled user: 9d025f8f-64cb-46c5-9510-702c8ab8f440 
"
org_branding_methVectors,6af675bf-f240-4c03-86c4-56f4b73342da,dd769865-3a7b-4f4a-8bc7-95fa8ef03e57,True,"Seems like your data was added to the login page.
"
org_branding_methVectors,6af675bf-f240-4c03-86c4-56f4b73342da,f7bdd53f-0811-4997-a9c1-26c1d298a5ec,True,"Seems like your data was added to the login page.
"
RoleManagementRWCustomVectors,6af675bf-f240-4c03-86c4-56f4b73342da,122f8314-99d3-4687-9963-a5efd584a5dd,True,"Updated permissions of role 5cb6244d-1239-44fb-9353-07c5b10c3d8a 
"
RoleManagementRWPersistanceVectors,6af675bf-f240-4c03-86c4-56f4b73342da,122f8314-99d3-4687-9963-a5efd584a5dd,True,"created a custom role 
"
TeamSettingsBasicRWVectors,6af675bf-f240-4c03-86c4-56f4b73342da,1a532be0-c7bf-4cb2-ac08-1df4cf1c303d,True,"channel name: MSFT ,web url: https://teams.microsoft.com/l/team/19%3ateDDxl5vP_LoLo6sTTA52eaUpDbsSrmjWephAtoIBKw1%40thread.tacv2/conversations?groupId=d44d6ec1-8efa-4a34-abc3-98ccd988f61d&tenantId=6af675bf-f240-4c03-86c4-56f4b73342da
channel name: Digital Initiative Public Relations ,web url: https://teams.microsoft.com/l/team/19%3a103d73da0db746fb8063008a0cc5ddd8%40thread.tacv2/conversations?groupId=3ed4a15a-f51c-4c89-a62a-47f0380d5277&tenantId=6af675bf-f240-4c03-86c4-56f4b73342da
channel name: Mark 8 Project Team ,web url: https://teams.microsoft.com/l/team/19%3ab3ca326a1e5e498b9db64ed5f550d112%40thread.tacv2/conversations?groupId=4782d0b4-9029-4f6b-b477-37a889a80673&tenantId=6af675bf-f240-4c03-86c4-56f4b73342da
channel name: Retail ,web url: https://teams.microsoft.com/l/team/19%3a8178413193454cb4a98afebf471a252e%40thread.tacv2/conversations?groupId=149e96d6-03c4-4053-91cd-44c14455f5c2&tenantId=6af675bf-f240-4c03-86c4-56f4b73342da
channel name: Sales and Marketing ,web url: https://teams.microsoft.com/l/team/19%3a10eecd0890694caf855a881bc7162036%40thread.tacv2/conversations?groupId=9d499a4d-7153-4ef4-a0f4-fb74fcd03149&tenantId=6af675bf-f240-4c03-86c4-56f4b73342da
channel name: U.S. Sales ,web url: https://teams.microsoft.com/l/team/19%3ac2e86614185c47478bd60f7f4028cda4%40thread.tacv2/conversations?groupId=fc1ac597-1a0a-44b9-a172-7fed3d1e5088&tenantId=6af675bf-f240-4c03-86c4-56f4b73342da
"
TeamSettingsBasicRWVectors,6af675bf-f240-4c03-86c4-56f4b73342da,4d284544-b740-44ea-be11-d904470bef14,True,"channel name: MSFT ,web url: https://teams.microsoft.com/l/team/19%3ateDDxl5vP_LoLo6sTTA52eaUpDbsSrmjWephAtoIBKw1%40thread.tacv2/conversations?groupId=d44d6ec1-8efa-4a34-abc3-98ccd988f61d&tenantId=6af675bf-f240-4c03-86c4-56f4b73342da
channel name: Digital Initiative Public Relations ,web url: https://teams.microsoft.com/l/team/19%3a103d73da0db746fb8063008a0cc5ddd8%40thread.tacv2/conversations?groupId=3ed4a15a-f51c-4c89-a62a-47f0380d5277&tenantId=6af675bf-f240-4c03-86c4-56f4b73342da
channel name: Mark 8 Project Team ,web url: https://teams.microsoft.com/l/team/19%3ab3ca326a1e5e498b9db64ed5f550d112%40thread.tacv2/conversations?groupId=4782d0b4-9029-4f6b-b477-37a889a80673&tenantId=6af675bf-f240-4c03-86c4-56f4b73342da
channel name: Retail ,web url: https://teams.microsoft.com/l/team/19%3a8178413193454cb4a98afebf471a252e%40thread.tacv2/conversations?groupId=149e96d6-03c4-4053-91cd-44c14455f5c2&tenantId=6af675bf-f240-4c03-86c4-56f4b73342da
channel name: Sales and Marketing ,web url: https://teams.microsoft.com/l/team/19%3a10eecd0890694caf855a881bc7162036%40thread.tacv2/conversations?groupId=9d499a4d-7153-4ef4-a0f4-fb74fcd03149&tenantId=6af675bf-f240-4c03-86c4-56f4b73342da
channel name: U.S. Sales ,web url: https://teams.microsoft.com/l/team/19%3ac2e86614185c47478bd60f7f4028cda4%40thread.tacv2/conversations?groupId=fc1ac597-1a0a-44b9-a172-7fed3d1e5088&tenantId=6af675bf-f240-4c03-86c4-56f4b73342da
"
TeamMemberRWVectors,6af675bf-f240-4c03-86c4-56f4b73342da,9e8d0068-4d22-4226-893d-4b4383ab40ae,True,"added user: 0de0c503-709d-4610-911d-8d9279fcd7b2 to: fc1ac597-1a0a-44b9-a172-7fed3d1e5088
"
MailSendVectors,6af675bf-f240-4c03-86c4-56f4b73342da,d00d37ae-9910-4945-af65-bdd492e11a43,True,"Sent mail with subject: FW: PIM: Your Owner role has expired 
Sent mail with subject: FW: PIM: da has the Cloud Device Administrator role 
Sent mail with subject: FW: PIM: da has the Authentication Administrator role 
Sent mail with subject: FW: PIM: defender has the User Administrator role 
Sent mail with subject: FW: PIM: defender has the Privileged Authentication Administrator role 
Sent mail with subject: FW: PIM: defender has the Password Administrator role 
Sent mail with subject: FW: PIM: defender has the Helpdesk Administrator role 
Sent mail with subject: FW: PIM: defender has the Groups Administrator role 
Sent mail with subject: FW: PIM: defender has the Authentication Administrator role 
Sent mail with subject: FW: Your weekly PIM digest for MSFT 
"
MailboxSettingsPhishVectors,6af675bf-f240-4c03-86c4-56f4b73342da,f42f3158-48c0-48d2-80fd-9190c741be8a,True,"changed the automatic reply of e2acf598-69b1-4aea-b1a9-046520e8de74   
"
MailboxSettingsRedirectVectors,6af675bf-f240-4c03-86c4-56f4b73342da,f42f3158-48c0-48d2-80fd-9190c741be8a,True,"set rule to send mails from e2acf598-69b1-4aea-b1a9-046520e8de74 to privileged_user@yzt2w.onmicrosoft.com.   
"
policy_user_authVectors,6af675bf-f240-4c03-86c4-56f4b73342da,42bf09a0-5ad6-4241-8302-aac04a279ed8,True,"Temporary password is #y%8yrew   
"
policy_user_takeoverVectors,6af675bf-f240-4c03-86c4-56f4b73342da,42bf09a0-5ad6-4241-8302-aac04a279ed8,True,"Changed the phone of 9d025f8f-64cb-46c5-9510-702c8ab8f440   
"
org_branding_methVectors,6af675bf-f240-4c03-86c4-56f4b73342da,20b1178c-ea1c-4c33-aa63-5e16f73d086c,True,"Seems like your data was added to the login page.
"
DeviceLocalCredentialVectors,6af675bf-f240-4c03-86c4-56f4b73342da,46c95666-25d7-405a-8a4c-e366489beeb6,True," DESKTOP-CEOL0B4 : QlRIVU5IU0FRQlVXSkM=
"
ConditionalAccessRWVectors,6af675bf-f240-4c03-86c4-56f4b73342da,853b7405-a686-4b20-819a-a1531f60be5f,True,"Added block on: 9d025f8f-64cb-46c5-9510-702c8ab8f440 
"
LifecycleWorkflowsPasswordVectors,1d4d77f4-1713-4c31-b958-59500ea8d92e,823cb9f9-1589-4357-acb8-48134efa6a86,True,"set up a tap! on ebaf8353-0f2d-4cc3-9b5a-f6737827bab8 sent to 3ffba446-4efe-418b-91d7-c28c177784ee  
"
LifecycleWorkflowsGroupswordVectors,1d4d77f4-1713-4c31-b958-59500ea8d92e,823cb9f9-1589-4357-acb8-48134efa6a86,True,"added user ebaf8353-0f2d-4cc3-9b5a-f6737827bab8 to group 7e613ea1-f7d7-4b98-a503-4ff2f7ba9cfe  
"
LifecycleWorkflowsDisablewordVectors,1d4d77f4-1713-4c31-b958-59500ea8d92e,823cb9f9-1589-4357-acb8-48134efa6a86,True,"disabled user ebaf8353-0f2d-4cc3-9b5a-f6737827bab8 
"
